[
  {
    "title": "Erlenmeyer Flask",
    "img": ""
  },
  {
    "title": "Beaker",
    "img": ""
  },
  {
    "title": "Test Tube",
    "img": ""
  },
  {
    "title": "Volumetric Flask",
    "img": ""
  },
  {
    "title": "Pipet",
    "img": ""
  },
  {
    "title": "Graduated Cylinder",
    "img": ""
  },
  {
    "title": "Petri Dish",
    "img": ""
  },
  {
    "title": "Bunsen Burner",
    "img": ""
  },
  {
    "title": "Microscope",
    "img": ""
  },
  {
    "title": "Safety Goggles",
    "img": ""
  }
]